model,status,test_auc,test_pr_auc,test_accuracy,test_f1,test_logloss
full_logistic,ok,0.8657193177447257,0.821432896961862,0.7881198682562509,0.7380645161290323,0.45175367335746863
baseline_logistic,ok,0.8016438792161324,0.7235553313468064,0.7241267337755717,0.6615253272623791,0.5328346470975406
track_artist_heuristic,ok,0.5029601272369849,0.4018826409806286,0.4949900264415271,0.4156624889294437,0.9435194060456707
hist_gradient_boosting,ok,0.7030739669069486,0.6106941209451178,0.6905413554761795,0.5770352523459295,0.8300628782490956
